شناسه,نام
28321,اولین برف
28333,از حس بد به حس خوب
28352,فرضیه خوشبختی
28363,حتی وقتی می‌خندیم
28372,"خلق محتوا، خلق مشتری"
28380,لاک صورتی
28388,لباس نو
28397,نفتی
28405,نسبت غم و شادی در شعر و اندیشه مولانا
28415,رفیق آدم‌حسابی
28423,ده درصد خوشحال‌تر (میکروبوک)
28434,گرداب
28438,"قلاب، چگونه محصولات عادت‌ساز خلق کنیم؟"
28449,گناه
28453,کارخانه‌ی محتوا
28468,مریلین مونرو سر جردن!
28478,"مولانا، غزالی و خیام (فصلنامه فرهنگی هنری نگاه آفتاب)"
28486,شیطان و دوشیزه پریم
28494,شکارچی
28502,یار دل‌رنجان (فصلنامه فرهنگی هنری نگاه آفتاب)
28513,زیر چراغ قرمز
28521,از کوپید و سایکی تا پادشاه و کنیزک (فصلنامه فرهنگی هنری نگاه آفتاب)
28529,داستان اجتماعی
28538,داستان‌نامه‌های مرگ (فصلنامه فرهنگی هنری نگاه آفتاب)
28546,دیزی میلر
28554,در باب اعتمادبه‌نفس
28562,فریفته تصادف
28572,هدیه کریسمس
28580,کاتیا
28588,ملکه هورتنس
28596,مثل همه‌ی عصرها
28604,شوهر آمریکایی
28613,طعم گس خرمالو
28621,ذهن حواس‌جمع
28629,از بلخ تا قونیه (فصلنامه فرهنگی هنری نگاه آفتاب)
28640,بعد از پایان
28648,برند ماندگار
28655,خواب‌آلود
28662,خانم بتیس
28669,ملخ
28676,موج‌ها و دریاها
28684,"رنج مهمان تو شد، نیکوش دار! (فصلنامه فرهنگی هنری نگاه آفتاب)"
28692,رویای مادرم
28699,شما که غریبه نیستید
28709,سوسویی در تاریکی
28744,ته خیار
28746,واژه‌فروش
28748,روایت بهناز برگزیده از «وانیل و شکلات» اپیزود اول
28750,روایت بهناز برگزیده از «وانیل و شکلات» اپیزود دوم
28752,روایت بهناز برگزیده از «وانیل و شکلات» اپیزود سوم
28754,روایت بهناز برگزیده از «وانیل و شکلات» اپیزود چهارم
28786,آینه شکسته
28788,آنا بر گردن
28790,ببخش و بگیر
28792,جسد زن مرده
28796,مرده‌خورها
28798,پاکسازی آشفتگی‌های ذهن
28821,آبجی خانوم
28862,شب را زنده بمان
28864,سفر به ایرانی‌ترین شهر ترکیه (فصلنامه فرهنگی هنری نگاه آفتاب)
28866,رنج چونان سبک زندگی (فصلنامه فرهنگی هنری نگاه آفتاب)
28921,"آرام، راحت و بی‌دردسر"
28923,برزهَ دماغ
28925,تجلی
28927,درس‌های شیمی در ساعت شش با الیزابت
28929,فراوانی
28931,والکری‌ها
28933,یک روز مانده به عید پاک
28965,پیردختر
28967,پیرهن زرشکی
28970,خانم ژه و پسری که نادیدنی‌ها را می‌دید
28972,ذهن‌خوانی
28974,رز
28976,مولانا و غیبت عدالت اجتماعی (فصلنامه فرهنگی هنری نگاه آفتاب)
29052,عصر هوش مصنوعی و آینده ما انسان‌ها
29054,برگ اضافی
29056,اعتراف خواهرانه
29058,"قصه‌هایی برای پدران، فرزندان، نوه‌ها"
29060,خوشبختی
29062,مارک دو پلو
29081,مادلن
29116,مارک و پلو
29118,پنج زبان عذرخواهی
29120,راه و روش ایکیگای
29122,رازهای ازدواج موفق-رئیس جمهور جیمی و رزالین کارتر
29124,سمنوپزان
29130,این یک کتاب صوتی نیست!
29751,طلب آمرزش
29755,یادگاری
29757,آن‌ها که به خانه‌ی من آمدند
29764,چرا نابرابری معضل‌آفرین است؟
29767,عبارت پنجم
29770,جدال محترمانه
29774,محلل
29776,یک زندگی
29779,بانوی مهمان‌خانه‌دار
29784,ایگو دشمن شماست
29787,جنگ در حمام
29790,خانم‌های محترم
29792,موج‌سوار و حکیم
29796,مشت بر پوست
29798,رازهای ازدواج موفق-جان مکنرو و پتی اسمیت
29803,رازهای ازدواج موفق-استینگ و ترودی استایلر
29806,سرسختی
29810,پادکست تحلیل‌های همایونی: بخش یک
29814,پادکست تحلیل‌های همایونی: بخش دو
29820,زن زیادی
29847,پادکست تحلیل‌های همایونی: بخش سه
29849,پادکست تحلیل‌های همایونی: بخش چهار
29858,پادکست تحلیل‌های همایونی: بخش پنج
29867,پادکست تحلیل‌های همایونی: بخش شش
29872,پادکست تحلیل‌های همایونی: بخش هفت
29875,عروس
29882,چارلز
29894,چگونه شفا می‌یابیم
29929,روایت محمدجواد رسولی از کتاب «عادت‌های اتمی»
29974,حضور
30105,بچه رزمری
30108,عادت می‌کنیم
30111,عمیق‌ترین پذیرش: بیداری بنیادین در زندگی روزمره
30114,"برف، راه، بی‌ردپایی"
30117,درک واقعیت جهان موازی
30121,گربه بلیتس
30124,حلزون‌های پسر
30127,خسرو و شیرین
30130,بادام
30133,بچه‌های قالی‌باف‌خانه
30175,جاسوس اول‌شخص
30178,کجایی
30181,لیلی و مجنون
30184,مکاشفه
30187,راز فال ورق
30190,شیدایی
30193,وامق و عذرا
30242,باغ سالار جنگ
30245,اگر می‌دانستی تا کی زنده هستی...
30248,بینوایان جلد 1
30251,بینوایان جلد 2
30258,هفت عروس حصاری
30285,موآ
30306,آبلوموف
30320,آخ باخ ورماخت
30324,هنر رهایی از رنج
30329,بینوایان جلد 3
30332,بینوایان جلد 5
30333,بینوایان جلد 4
30338,پسران سالخورده
30341,قدرت خویشتن‌داری
30356,همسایه‌ها
30381,جزیره مثنوی؛ کنیزک و پادشاه
30407,جزیره مثنوی؛ مرد بقال و طوطی
30414,جزیره مثنوی؛ پادشاه نصرانی‌گداز
30441,جزیره مثنوی؛ لیلی و خلیفه
30444,جزیره مثنوی؛ مرد احول
30480,مهپاره
30495,خانه‌ی آفاق
30498,کینتسوگی
30510,جزیره مثنوی؛ سفیر رم و خلیفه دوم
30518,جزیره مثنوی؛ بازرگان و طوطی
30525,جزیره مثنوی؛ پیر چنگی
30534,جزیره مثنوی؛ نالیدن ستون حنانه
30541,جزیره مثنوی؛ گواهی دادن سنگ‌ریزه بر حقیقت پیامبر
30551,جزیره مثنوی؛ مرد اعرابی و خلیفه
30558,جزیره مثنوی؛ ناقه صالح
30578,اولین مجلس رقص
30581,جزیره مثنوی؛ شیر و نخجیران
30588,جزیره مثنوی؛ صیاد سایه
30591,جزیره مثنوی؛ پادشاه مومن‌سوز
30594,جزیره مثنوی؛ فرار از عزرائیل
30597,جزیره مثنوی؛ هدهد و حضرت سلیمان
30601,جزیره مثنوی؛ نحوی و کشتیبان و کبودی زدن مرد قزوینی
30604,جزیره مثنوی؛ گرگ و روباه در خدمت شیر و آمدن مهمان نزد حضرت یوسف
30607,جزیره مثنوی؛ مرتد شدن کاتب و عیادت رفتن شخص ناشنوا
30627,جزیره مثنوی؛ صورتگری رومیان و چینیان
30639,جزیره مثنوی؛ «تف انداختن دشمن بر روی علی ابن ابی‌طالب (ع)» و «ماجرای ابن ملجم»
30647,جزیره مثنوی؛ «حقیر شمردن ابلیس» و «مارگیر و ماردزد»
30653,جزیره مثنوی؛ «دیدن هلال ماه در زمان عمر» و «عیسی و شخص نادان»
30665,جزیره مثنوی؛ «اندرز گفتن صوفی به خادم خانقاه» و «فرار باز شاه به کلبه پیرزن»
30669,جزیره مثنوی؛ «حلوا خریدن شیخ احمد خضرویه» و «زاهدی که بسیار می‌گریست»
30677,جزیره مثنوی؛ «خاراندن پشت شیر» و «خر برفت و خر برفت»
30686,جزیره مثنوی؛ «زندانی مفلس» و «شخص غریبی که خانه می‌جست»
30694,جزیره مثنوی؛ «پادشاهی که دو غلام تازه خریده را امتحان کرد» و «گرفتار شدن باز میان جغدان»
30711,سال سیل
30719,ظاهرا فقط برای من می‌بارد
30752,آن یایِ لعنتی
30759,آنیوتا
30769,عطیه‌ی برتر
30772,با مرگ من زندگی کن
30788,بچه مردم
30807,بیژن و منیژه
30814,چنگال
30822,فروش؛ تنها راه بقا
30829,گلوله مجموعه داستان‌های مینی‌مال
30840,ناخوشی ما
30848,گربه در باران
30856,هرس ذهن
30873,کتابخانه نیمه‌شب
30880,مال من
30886,مطرد
30894,سفر عصمت
30978,قناری
30984,شرق بنفشه
30987,طنزیمات رولت روسی
30990,ترلان
30994,تخم مرغ
30997,آداب معاشرت برای همه
31000,آفتاب لب بام
31003,آخر هفته دخترانه
31006,بانو با سگش
31009,دندانه‌های شانه
31017,خانه‌ای در دوردست
31024,خانم نزهت‌الدوله
31032,ماجراهای آلیس در سرزمین عجایب
31039,مرگ تخصص
31048,استرس کمتری داشته باشید تا کار مفیدتری انجام دهید (میکروبوک)
31056,ولگردی در ملکوت
31063,زنان نامرئی
31068,خواهرم و عنکبوت
31111,18 دقیقه (میکروبوک)
31118,کارمیلا
31125,داستان‌های فکری برای کودکان ایرانی 1
31132,داستان‌های فکری برای کودکان ایرانی 2
31139,اقتصاد روایی
31147,گردنبند الماس
31156,مافیای بمب‌افکن
31164,مش‌مش قلی‌خان (نمایشنامه)
31171,پولینکا
31178,راهنمایی‌های یک راهب برای شاد زیستن (میکروبوک)
31186,رنج و حکمت‌های آن
31193,صورتک‌ها
31201,تنها
31208,وقتی همه‌چیز فرو می‌پاشد
31217,ویکنت دونیم‌شده
31224,یک آموزش هیجانی
31240,گزیده‌هایی از در جستجوی زمان از دست رفته
31254,کوری
31267,مسخ
31274,"زمین فوتبال، زمین جنگ"
31286,سریال صوتی شکار هیولا (قسمت 1)
31291,سریال صوتی شکار هیولا (قسمت 2)
31295,سریال صوتی شکار هیولا (قسمت 3)
31303,سریال صوتی شکار هیولا (قسمت 4)
31309,سریال صوتی شکار هیولا (قسمت 5)
31317,ساده با تو حرف می‌زنم
31324,سندباد حکیم
31332,جشن فرخنده
31343,سریال صوتی شوالیه‌ای از سرزمین هفت اقلیم (قسمت اول)
31348,سریال صوتی شوالیه‌ای از سرزمین هفت اقلیم (قسمت دوم)
31361,سریال صوتی شوالیه‌ای از سرزمین هفت اقلیم (قسمت سوم)
31370,سریال صوتی شکار هیولا (قسمت 6)
31378,سریال صوتی شکار هیولا (قسمت 7)
31381,سریال صوتی شکار هیولا (قسمت 8)
31388,سریال صوتی شکار هیولا (قسمت 9)
31392,سریال صوتی شکار هیولا (قسمت 10)
31398,کاربلد
31486,سریال صوتی شکار هیولا (قسمت 11)
31487,سریال صوتی شکار هیولا (قسمت 12)
31488,سریال صوتی شکار هیولا (قسمت 13)
31489,سریال صوتی شکار هیولا (قسمت 14)
31502,سریال صوتی شکار هیولا (قسمت 15)
31507,با هرکسی چه‌طور صحبت کنیم
31512,باج‌خواهی عاطفی
31515,میکروبوک؛ فنون رهبری
31518,قلمرو تاریک
31521,میکروبوک؛ هنر گفتگو
31526,مدیر شادی شرکت
31528,نمی‌توانی به من صدمه بزنی
31531,میکروبوک؛ راه‌های دوستی و تاثیرگذار بودن بر دوستان
31535,میکروبوک؛ تفکر برتر
31568,بهترین شکل ممکن
31571,بنویس تا اتفاق بیفتد
31578,بیش از اندازه و همیشه ناکافی
31592,بوف کور
31599,داستان‌های کوتاهی از جنوب هند
31606,حاج آخوند
31614,این خیابان سرعت‌گیر ندارد
31622,لایم لایت
31640,سریال صوتی شکار هیولا (قسمت 16)
31641,سریال صوتی شکار هیولا (قسمت 17)
31642,سریال صوتی شکار هیولا (قسمت 18)
31643,سریال صوتی شکار هیولا (قسمت 19)
31644,سریال صوتی شکار هیولا (قسمت 20)
31655,آینده‌ی خود را خلق کنید
31658,میکروبوک؛ GTD :روشی برای انجام بهتر کارها
31678,آرزوی پاک کن
31685,گربه کوچولو
31693,گرگ کوچولو
31701,همیشه بهار
31709,کانگورو کوچولو
31717,کفشدوزک خال خالی
31725,خرگوش کوچولو
31732,خوک کوچولو
31739,مثل من
31746,مثل تو
31752,الاغ کوچولو
31761,اردک کوچولو
31769,شکستن دماغ استالین
31784,سگ کوچولو
31790,"پادکست نوین کتاب، قسمت دوم؛ انسان، جنایت و احتمال یا مردی در تبعید ابدی"
31791,"پادکست نوین‌کتاب، قسمت اول؛ نوید و نگار یا عاشقانه‌های فلسفی یک ذهن خسته‌ی شهرزده"
31809,کتاب صوتی کامل بینوایان
31820,ماریا کانسپسیون
31839,ویولتای پاکدامن
31851,نقاشی کن تا اتفاق بیفتد
31873,سریال صوتی شکار هیولا (قسمت 21)
31876,سریال صوتی شکار هیولا (قسمت 22)
31885,سریال صوتی شکار هیولا (قسمت 25)
31886,سریال صوتی شکار هیولا (قسمت 24)
31887,سریال صوتی شکار هیولا (قسمت 23)
31904,سه گزارش کوتاه درباره‌‌ی نوید و نگار
31911,یوزپلنگانی که با من دویده‌اند
31918,"زندگی، جنگ و دیگر هیچ"
31921,بیوه مارشال
31933,روزگار مادر پارکر
31982,اخلاق در دنیای واقعی
31990,از نوآوری نمایشی تا پیروزی در بازار
31997,باباگوریو
32005,چای‌خانه‌ی خانوادگی
32013,دریاچه متروک
32025,دنیای ناشناخته من
32033,فهرست حسرت‌ها
32041,قاشق چای‌خوری
32048,گرگ در لباس میش
32055,جاروبرقی مهربان
32074,سریال صوتی شکار هیولا (قسمت 26)
32075,سریال صوتی شکار هیولا (قسمت 27)
32076,سریال صوتی شکار هیولا (قسمت 28)
32077,سریال صوتی شکار هیولا (قسمت 29)
32078,سریال صوتی شکار هیولا (قسمت 30)
32094,کارآفرینی به‌ روش دارن هاردی
32104,"کاش همانقدر از اسمت را می دانستم، که سهم من بود"
32107,چرا دریا طوفانی شده بود
32113,زنی که ساعت شش آمد
32132,آقا و خانم کبوتر
32141,قربانی
32169,قدرت محتوا
32188,خانمچه و مهتابی (نمایشنامه)
32197,لبخند باشکوه آقای گیل (نمایشنامه)
32207,مدیریت استرس در هفت روز(با کمک مدیتیشن)
32221,علویه خانم
32237,ماه عسل
32254,مهره‌ی حیاتی
32255,آخرین پرواز
32269,موهبت کامل نبودن
32277,پائولا گفت: نه
32284,شایو
32307,شراب خام
32314,زن بودن
32332,زندگی شگفت‌انگیز یک پستچی تنها
32361,آمیز قلمدون (نمایشنامه)
32374,داستان یک زن
32387,احتیاط در ریسک کردن است
32394,قصه عشق
32407,گفت‌وگو با شیاطین
32414,غول درون
32421,قوی سیاه
32431,افسانه کاریزما
32445,اخلاق سوت‌زنی
32456,با چرا شروع کنید
32483,هاملت با سالاد فصل (نمایشنامه)
32490,کلاف آرزوها
32497,کتاب کوچک تنهایی
32508,خاک بکر (خلاصه رمان‌های برجسته)
32515,خطی بر دیوار
32523,باغ‌وحش اساطیر
32536,بریدا
32551,ملودی شهر بارانی (نمایشنامه)
32558,مربای شیرین
32562,گِل
32569,مربی تریلیون دلاری
32576,نه آدمی
32583,شعله‌های هوس
32622,زمستان 62
32632,امضای چشم تو
32647,جشن تولد دختر
32657,شیب
32665,هشت اره‌ای که برای رسیدن به موفقیت باید تیزش کنید
32686,زندگی خود را طراحی کنید
32721,10 مقاله‌ای که از هاروارد باید بخوانید: مدیریت خود
32730,ابریشم
32740,اثر مرکب
32763,بازانجام
32767,بچه پرروهای ننر
32795,آوای امواج
32799,آقا و خانم ریواز
32806,چراغ‌ها را من خاموش می‌کنم
32819,برد شما از رختکن آغاز می‌شود
32829,12 قانون زندگی؛ نگرشی نو به بی‌نظمی
32843,قبایل
32853,همه‌ی ما عجیب و غریبیم
32864,مادام پاریس
32874,هنر رفتار با زنان
32893,در سایه‌ی مارسل پروست
32902,EFT تکنیک‌های رهایی ذهن
32910,اسکندر
32924,اضطراب وضعیت
32944,کشتی ساکورا
32958,خودت انتخاب کن (کتاب کوچک تنهایی)
32967,مرگ در پاییز (نمایشنامه)
32976,شرایط تبخیر لب
32989,مهارناشدنی
32998,هنر زن بودن
33022,پرده‌ی آخر
33033,کسی خانه نیست
33050,نه شنیدن؛ نردبان موفقیت
33072,تختت را مرتب کن
33089,یک مرد رسوا
33112,راهنمای کامل زناشویی موفق
33199,هنر درمان
33252,چگونه با ماهی قزل‌آلا سفر کنیم؟
33268,عشق ویرانگر
33284,اسم من میناست و عاشق شبم
33301,خمره
33328,عادت‌های میلیون دلاری
33329,اصول سخنرانی و فن بیان به روش TED
33345,شگفتی وجود
33352,سکون و حرکت
33353,عقاید یک دلقک
33363,ضیافت به‌صرف گلوله
33374,اولین تماس تلفنی از بهشت
33384,به جعبه دست بزن
33397,به روش خود ثروتمند شوید
33411,هنر خودشناسی
33422,هنر خوشبختی
33433,هنر رنجاندن
33443,دانشکده‌های من
33454,عشق جایش تنگ است
33458,جک لندن به دنبال یک رویا
33471,اسم (نمایشنامه)
33486,هیل‌بیلی
33493,گوش شنوا
33509,گزیده‌ای از‌ اشعار ایرج‌میرزا
33515,متاورس-فیس‌بوک: یک رویای دیجیتال یا یک کابوس
33527,پول
33547,مرگ ایوان ایلیچ
33548,جادوی بداهه‌گویی
33583,خانه خوب‌رویان خفته
33592,یک خانم محترم
33617,آناتومی تنهایی
33637,از چاه به راه
33648,برخوردها
33659,اعترافات مردی چنان دیوانه که با حیوانات می‌زیست
33670,ژنرال جنوبی اهل بیگ‌سور
33684,قانون کارما
33696,گور سفید
33706,گزارشی واقعی از مشاغل آینده
33726,پنج حکایت شکسپیر
33737,هفت عادت مردمان موثر
33748,هفت داستان
33774,12 اصل رهبری عالی
33801,سریال صوتی شکار هیولا (قسمت 31)
33804,سریال صوتی شکار هیولا (قسمت 32)
33807,سریال صوتی شکار هیولا (قسمت33)
33814,سریال صوتی شکار هیولا (قسمت 34)
33821,سریال صوتی شکار هیولا (قسمت 35)
33822,سریال صوتی شکار هیولا (قسمت 36)
33839,هفت اشتباه بزرگ پدر و مادر
33851,آبی تر از گناه
33865,آداب دنیا
33869,راهی به سوی بهشت
33883,13 کاری که افراد با روحیه قوی انجام نمی‌دهند
33894,15راز مدیریت زمان از زبان مدیران موفق
33905,چهل نامه به ماه
33916,آب سوخته
33923,عاشق مترسک
33942,آیین جان
33959,از عشق و دیگر اهریمنان
33963,باده کهن
33983,گاردن پارتی
33991,بهرام و گل اندام
33999,بار دیگر شهری که دوست می‌داشتم
34012,بازاریابی
34033,افسانه محبت
34055,آفتاب‌پرست نازنین
34064,آن آبزیان کوچک و این سنجاقک‌ها
34088,انگیزه
34102,"آنتوان چخوف، شش داستان و نقد آن"
34110,"اثر مرکب: درآمد، زندگی و موفیقت خود را از نو بسازید"
34122,آیا ویگلاف ازدواج می‌کند؟
34158,از دل
34167,"از ایده تا اجرا: بهینه‌سازی، خودکارسازی و برون‌سپاری در کسب و کار"
34181,از شنبه
34190,با عشقی بزرگ
34207,بازدم
34218,به انجام رساندن کارها
34236,بهترین کارکنان را انتخاب کنید و در حفظ آنها بکوشید
34246,بیش از اندازه است
34260,بی وفایی همسران
34279,برج
34296,چرخ بد شانسی
34308,چقدر بی تو به من می‌آید تنهایی
34319,چگونه خودمان را دوست بداریم
34340,چرکنویس
34353,در ستایش عشق
34365,دری وری
34383,درس میلیونر
34395,داش آکل
34409,دلسوزی
34426,درختم دلشوره دارد
34435,چند روایت معتبر
34460,چرا عاشق می‌شویم؟
34473,کافه نادری
34493,درون مغز دروکر
34494,درخت پرتقال
34533,دلم برایت می‌تپد
34555,امپراتوری خورشید
34567,عشق روی چاکرای دوم
34575,درخت تلخ
34578,دیادلام
34592,انتقام بانو اژدها
34601,انتشار شادی: علم ایجاد و حفظ تغییر مثبت
34618,فروش موفق
34636,قلعه سفید
34649,قدرت عادت
34663,گفت‌وگوهای کوتاه خودمانی به زبان انگلیسی
34678,هر روز پنجشنبه است
34687,آسان‌ترین روش ترک سیگار
34705,فرار از خانه
34718,فکرتان را عوض کنید تا زندگی‌تان تغییر کند
34738,فوق ستاره فروش شوید
34751,گردش علمی در غبار مرگبار
34767,قهرمان
34777,از خوب به عالی
34783,به سوی اقیانوس آبی
34798,قصه‌های مجید 1
34811,قصه‌های مجید 2
34825,قصه‌های مجید 3
34836,گربه علف است و ماهی درخت
34857,هدف
34872,هیچ یک از آن‌ها بازنمی‌گردد
34881,آنچه اتفاق افتاد
34914,هاگاکوره
34964,هنر فروش کردن
34976,خال هدف
34988,خطر! جادوگران مشغول کارند
35041,کوکولوژی
35042,هنر آغاز
35053,هنر جنگ
35066,این کتاب را فعلا نخر
35083,اینجا نرسیده به پل
35094,جشن بی‌معنایی
35110,هنردرمانی
35121,حسین کرد شبستری
35135,کمک! پدر و مادرها به مدرسه می‌آیند
35171,مهارت‌های عملی زندگی
35187,حلقه هیولا
35204,جریمی و جوجه اژدها
35222,جمجمه حقیقت
35233,مرد خسته
35250,مرکز توجه
35260,ماشین مرا بران
35309,مدیریت
35317,کافورپوش
35340,مکاشفات
35354,موفقیت در فروش نامحدود
35368,موفقیت به شیوه خود
35384,نحسی روز جمعه سیزدهم
35405,نگهبان
35437,نقطه بحران
35449,نقطه تعادل خودرا پیدا کنید
35478,تراژدی کمدی پارس
35487,پس لرزه
35502,پیام‌های فرشتگان
35525,راه موفقیت
35549,راه نفوذ بر دل‌ها: چگونه دیگران را متقاعد کنید
35567,راهکار برتر
35582,ملاقات در ماه اوت
35607,چون رود جاری باش
35644,راهکار تجارت
35664,ساعتی برای زندگی ساعتی برای عشق
35676,صندوقچه راهکارها
35689,شاگرد جدید مدرسه
35707,شبح سر هربرت سنگ سیاهچال
35740,مردی که هیچ بود
35752,کتاب عشق
35770,کتاب سیاه
35777,زندگی بانو
35791,کتابی برای جوان‌ها
35802,لیلی لال
35814,لورازپام
35825,ماه پیشانی
35855,شاه کلید
35863,حل مشکل (آموزش یکی از مهارت‌های زندگی)
35875,شمارش معکوس تا آغاز سال هزار
35906,ما به عشق محتاجیم
35922,ماهی سیاه کوچولو
35923,سرلانسلوت کجایید؟
35937,من
35948,من منچستر یونایتد را دوست دارم
35962,"من مجردم، خانوم"
35977,من او را دوست داشتم
35988,من و محمد‌ ‌فری
36016,مردان جوان
36019,سخنرانی موفق
36029,استیو جابز
36045,"تفویض اختیار، نظارت و سرپرستی"
36058,تلخ کام
36069,تربیت اژدها در 97 مرحله
36082,مردی که خودش را تا کرد
36104,مسیحا
36116,مسئولیت‌پذیری
36136,میلیاردرهای اتفاقی
36152,زنی در من قدم می‌زند
36174,تیغ
36195,وقتی اضطراب حمله می‌کند
36209,یادگاری
36218,یک هلو و هزار هلو
36230,یک روز با شوالیه
36244,زمینی نو
36266,زندگی بی‌حد و مرز
36280,زندگی مثبت با ده اقدام
36292,زیر نور شمع
36309,دوازده داستان سرگردان
36312,رک‌ترین کتاب ممکن
36350,نوشابه زرد
36359,اتاق شماره 19
36372,ابر غذاها
36405,آیین دوست‌یابی
36448,آشتی با کودک درون
36491,اول خانواده
36507,مدیریت زمان
36540,معجزه
36549,آیا تو آن گمشده‌ام هستی
36559,موش و گربه
36573,بچه دزیره
36592,موسیقی درمانی
36596,از حس بد به حس خوب (بخش دوم)
36618,از حس بد به حس خوب (بخش اول)
36629,از حس بد به حس خوب (بخش سوم)
36637,از حس بد به حس خوب (بخش چهارم)
36647,از حس بد به حس خوب (بخش پنجم)
36656,از حس بد به حس خوب (بخش ششم)
36692,از رابطه بد به رابطه خوب
36706,با نوشته کشتن
36736,موفقیت شغلی
36756,اولدوز و عروسک سخنگو
36770,اپرای شناور
36788,پدر‌کشتگی
36808,مکالمات تلفنی به زبان انگلیسی
36828,زندگی نو
36856,تاملات: راهی به آرامش و دل‌آسودگی
36872,تازه‌‌‌عروس
36894,تمرین نیروی حال
36951,اسرار زنان موفق
36967,بیگانه
36991,از شیطان آموخت و سوزاند
37003,بیگانه‌ای در دهکده
37017,"پدر پولدار، پدر بی‌پول"
37027,راهنمای جامع بازاریابی کسب‌وکار محلی
37039,سلیم جواهری
37049,استارت‌آپ ناب
37074,کلئوپاترا
37084,حکایت عشقی بی‌قاف بی‌شین بی‌نقطه
37121,هویت
37130,خدا و استیون هاوکینگ
37139,مکبث
37147,پرورش مغز
37172,شرلوک هلمز و نجیب‌زاده بی‌همتا
37223,تعالیم کریشنامورتی
37248,تغذیه برای مبتلایان به سرطان
37262,ترک آسان سیگار
37275,زندگی دومت زمانی آغاز می‌شود که می‌فهمی فقط یک زندگی داری
37287,زندگی گالیله
37319,شش کلاه تفکر
37334,آیین سخنوری
37346,آقای اشمیت کیه؟
37360,آقای فو
37412,قلبت را روی کاغذ بیاور
37423,کرگدن
37460,لبه‌ی تیغ
37471,مدونا با پالتو پوست
37489,پستچی
37509,راز
37539,رفتار با کودک لج‌باز و کج‌خلق
37552,صحبت شیطان
37560,تو می‌تونی وقتی راهش رو بدونی
37578,روانشناسی مذاکره
37579,یک زن (رنج و رهایی)
37596,رویای نیمه‌شب
37607,پودل شوپنهاور
37621,داستان عجیب بنجامین باتن
37640,پرنده می‌میرد پرواز می‌ماند
37657,زبان بدن
37672,زندگی در کار
37700,آتش و خشم درون کاخ سفید ترامپ
37714,با هر دو طرف مغزت بنویس
37726,گاو بنفش
37738,دایره‌ی گچی قفقازی
37751,قلعه حیوانات
37764,هفت قانون معنوی موفقیت
37787,صدای شاعر آبتنی ماه
37812,صدای شاعر آدم اگر دلش بگیرد
37826,کارآفرینی به شیوه دکتر علی شاه‌حسینی
37845,محدودیت صفر
37854,ملاقات بانوی سالخورده
37865,روانشناسی مثبت
37874,طبقه سوم
37891,تلواسه‌های یک عاشق پریش
37904,صدای شاعر احمدرضا احمدی
37916,صدای شاعر غزل ناخدا
37931,صدای شاعر م. آزاد
37948,صدای شاعر منوچهر آتشی
37961,صدای شاعر مشفق کاشانی
37994,ثروتمندترین مرد بابل
38013,شرایط عشق
38029,شروع یک زن
38051,سوء استفاده جنسی از کودکان
38082,ثریا در اغما
38100,سرخ سفید
38125,آخرین دختر
38135,عکس یادگاری با فرعون
38159,برنامه‌ریزی عصبی کلامی
38172,بهترین دوران زندگی زن
38186,فونتامارا
38198,گزیده گلستان سعدی
38239,حضور در وضعیت صفر
38243,تسوکورو تازاکی بی‌رنگ و سال‌های زیارت او
38261,ورونیکا تصمیم می‌گیرد بمیرد
38269,واقعیت‌های جدید در دنیای کسب‌و‌کار
38290,زنی با چکمه ساق بلند سبز
38310,بانوی پیشگو
38318,امکان شر
38337,کسب درآمد
38363,خون‌مردگی
38381,مذاکرات به زبان انگلیسی
38394,نان و شراب
38407,نگاه می‌کنم و نمی‌بینم
38423,عشق تو پرنده‌ای سبز است
38437,باغ پیامبر و سرگردان
38447,بی‌زمستان
38457,برگزاری جلسات به زبان انگلیسی
38477,بازیچه‌ی دست دیگران نشوید
38496,پرنده من
38499,بازی‌ها
38514,سورمه‌سرا
38543,وداع با اسلحه
38578,آندورا
38593,به اردوگاه اژدهانکا خوش آمدید
38607,بی‌دل هوا
38619,مدیریت بین‌المللی کارلوس گون
38630,چگونه دیگران را روان‌شناسی کنیم
38641,دلقک خصوصی
38648,عاشقانه‌های عبید زاکانی
38660,آیا مادر خوبی هستم؟
38674,بهانه‌ی امید (از مجموعه این ترانه از توست)
38718,بیمار خاموش
38726,عشق هرگز نمی‌میرد
38741,چگونه با هر کسی صحبت کنیم
38754,دردسر اژدهاهای دوقلو
38771,دگرگونی
38787,فصل بارانی
38802,فردریک یا تئاتر بولوار
38812,قوانین ازدواج
38821,قصه‌ی جزیره‌ی ناشناخته
38830,قمار عاشقانه
38839,گزارش یک مرگ
38856,حافظه نامحدود
38873,حسرت بهار (از مجموعه این ترانه از توست)
38887,الای افسون‌شده
38899,عشق خداست
38913,عشق سیال
38929,خواهران استوری
38944,مامان و معنی زندگی
38956,من آن توام
38963,مردان مریخی زنان ونوسی
38972,مرگ فروشنده
38988,پیروزی
39000,فلسفه‌ی سیاسی
39013,فشار خون
39022,ماری دی‌اِله
39032,جزیره مثنوی؛ «موسی و شبان» و «شخص خفته‌ای که در دهانش مار رفته بود»
39045,جزیره مثنوی؛ «عارف و پادشاه» و «انکار فیلسوف»
39058,فیل‌ها
39069,فرانکنشتاین
39092,راهکارهای موفقیت
39108,روان‌شناسی رشد و شخصیت کودک و نوجوان
39126,ساحره‌ی پورتوبلو
39134,سلامت و زیبایی پوست و مو
39143,تناسخ
39151,یک قرص ماه توشه‌ی راه
39167,یک مشت تمشک
39176,یک روز قشنگ بارانی
39188,ده مقاله برگزیده تد تاک با موضوع رشد فردی
39202,قدرت اراده
39214,غول کوچک مشکل بزرگ
39229,گفتا من آن ترنجم
39239,هرگز به ترول‌ها اعتماد نکن
39256,ماجراهای هاکلبری فین
39271,5 نقطه قوت خود را بشناسید
39293,آدم فکرهای ناجور
39303,آواز خوش زندگی
39320,"بخور، عبادت کن، عشق بورز"
39332,بلوغ پسران
39346,انتخاب
39357,جنگ و صلح (جلد اول)
39370,جنگ و صلح (جلد دوم)
39383,جنایت و مکافات
39396,ژولیت ملکه قلب‌ها
39408,خنده را از من بگیر
39419,خرمگس
39440,قدرت زمان
39456,خودیاری
39457,"گناه تو، گناه من"
39476,کلیله و دمنه
39488,خواب گل سرخ
39508,خاطرات اردی‌بهشت
39519,خوشبختی در راه است
39532,لاتین بزی فقط مخصوص بزها نیست
39546,مهارت‌های زندگی
39560,ناپدیدشدگان
39574,ناطور دشت
39587,نفرین ابدی برخواننده این برگ‌ها
39597,خدای کشتار
39611,کلاه رئیس‌جمهور
39622,کنترل دیابت به روش ساده
39639,پاییز پدرسالار
39649,سه خواهر
39658,نشانه‌ها
39671,نیچه
39682,ابلوموف
39694,الیور تویست
39701,پایان مدرسه برای همیشه
39722,پیرترین اژدهای جهان
39743,اولدوز و کلاغ‌ها
39757,اتاق شماره 6
39771,پله پله تا اوج
39781,دختری که خسته بود
39811,بازاریابی انگیزشی
39821,بی‌خود و بی‌جهت
39831,کالیگولا
39867,در باب شهریار
39877,ازدواج آقای می‌سی‌سی‌پی
39893,فیلسوفان بدکردار
39905,فروشگاهی برای همه چیز
39927,مثل ها و قصه هایشان: فروردین
39949,مثل‌ها و قصه‌هایشان: اردیبهشت
39969,مثل ها و قصه هایشان: خرداد
39989,مثل ها و قصه هایشان: تیر
40014,مثل‌ها و قصه هایشان: مرداد
40036,مثل ها و قصه هایشان: شهریور
40051,قوانین تربیت فرزندان
40069,قدرت تمرکز
40093,مثل ها و قصه هایشان: مهر
40111,پیش‌روی
40125,رازهایی که یک مادر موفق باید بداند
40140,رژیم جی.ال.
40154,سفر شگفت‌انگیز مرتاضی که در جالباسی آیکیا گیر افتاده بود
40167,سفرهای گالیور
40187,مثل ها و قصه هایشان: آبان
40210,مثل ها و قصه هایشان: آذر
40231,مثل ها و قصه هایشان: دی
40252,مثل ها و قصه هایشان: بهمن
40270,مثل ها و قصه هایشان: اسفند
40280,سرگشته راه حق
40291,شاهزاده و گدا
40300,شب‌های ورامین
40313,شلوارهای وصله‌دار
40327,سوتیکده‌ی سعادت
40341,تقویت عملکرد هوش و حافظه
40354,تغذیه
40367,وزغ جنیفر
40379,زن سی‌ساله
40391,زنده به گور
40416,مرد فیل نما
40437,مانولیتو
40438,زوربای یونانی
40447,شب‌های روشن
40460,تاملات
40494,از فرانکلین تا لاله‌زار
40523,دریاروندگان جزیره آبی‌تر
40543,عشق هرگز کافی نیست
40554,سه قطره خون
40570,عشق و تنهایی
40584,عشق روی پیاده رو
40609,فلسفه‌ای برای زندگی
40618,حکایت‌های فلسفی
40628,حکایت‌های فلسفی برای با هم بودن
40637,حکایت‌های فلسفی اسطوره‌های یونان باستان
40647,"حکایت‌های فلسفی اسطوره‌های یونان باستان عشق، نیرنگ و حسادت"
40665,کلید را بزن (چگونه با مصلحت اندیشی اوضاع را به سود خود و اطرافیانتان تغییر دهید)
40679,مغلطه (راهنمای درست اندیشیدن)
40689,ماجراهای مانولیتو - مانولیتو به سفر می‌رود
40702,کریسمس مانولیتو
40716,ماجراهای مانولیتو - رازهای مانولیتو
40731,میان شک و ایمان (گفتگوهایی درباره دین و عقل)
40747,پاریس از دور نمایان شد (پاریس به روایت مسافران دوره قاجار)
40769,پرونده هری کبر
40776,راهکار
40785,آونگ خاطره‌های ما
40797,آیین همسرداری
40804,عکس خصوصی
40816,100 قانون بی‌چون و چرا برای موفقیت در تجارت
40828,آیین زندگی
40841,بار هستی
40851,لاتاری
40863,انگیزش
40906,بی‌‌وفایی همسران
40908,از ما بهتران
40924,داستان‌های شگفت‌انگیز
40938,دنیای علی‌بابا
40949,قوانین ثروت
40965,قصه‌ی کوتاه
40975,قله‌ها و دره‌ها
40986,دایی وانیا
40997,دلی‌بای و آهو
41015,دموکراسی چیست؟ (آشنایی با دموکراسی)
41025,عشق و تحلیل‌روانکاوانه
41038,غذاهای خوب برای معده‌های بد
41047,"حکایت‌های فلسفی، قصه‌های فیلسوف"
41061,هنر گفت‌و‌گو
41073,لاکان و امر سیاسی
41086,ماجراهای مانولیتو - من و جونور
41099,ماجراهای مانولیتو - سوپر مانولیتو
41109,ماجراهای مانولیتو - تعطیلات خوش بگذرد مانولیتو
41130,حاشیه امن
41145,مردان مجنون زنان لیلی
41160,نه فردا نه دیروز
41164,گیرنده شناخته نشد
41178,تئاتر باید اجباری شود
41192,ساموج
41224,حکایت دولت و فرزانگی
41268,آثار کلاسیک فلسفه
41277,کاریزما چیست و چگونه شخصیتی کاریزماتیک داشته باشیم؟
41284,چگونه برند شخصی بسازیم
41295,درباره‌ی عشق
41309,حکمت بالغانه زیستن
41319,حقوق بشر
41330,خیانت اینشتین
41364,خیره به خورشید نگریستن
41365,دیوید کاپرفیلد (خلاصه رمان‌های برجسته)
41376,دوست داشتم کسی جایی منتظرم باشد
41388,گتسبی بزرگ
41399,خرده‌نان
41419,مردی در تبعید ابدی
41427,مردی که نفسش را کشت
41452,مدیر مدرسه
41465,برای یک ساعت
41491,مدیریت خشم
41511,نوازنده نابینا
41531,تاریخ ملل
41555,ترس
41570,خلاصه رمان زنان کوچک
41584,مثل یک مرد فکر کن مثل یک زن رفتار کن
41595,مجرد بودن و مزیتهای دور از انتظار آن
41602,معجزه عشق
41629,32 حرف 32 قصه
41639,آمده یا چطور از شرش خلاص شیم؟
41658,بهانه ممنوع
41666,چوسکیت به مدرسه می‌رود
41683,عشق‌لرزه
41698,قدرت سکوت
41714,جسیکا
41727,مدیریت فروش
41740,متولد 16 آگوست
41755,موفقیت در رکود
41766,ما حیوان‌ها
41784,مادر
41793,مهمانسرای دو دنیا
41806,مذاکره
41814,نوای اسرارآمیز
41831,رازهایی درباره مردان که هر زنی باید بداند
41866,پیتر و گرگ
41884,رهبری منابع انسانی در شرکت‌های فناوری اطلاعات (قوانین کار درگوگل)
41899,روزی که زندگی کردن آموختم
41910,طرز فکر
41922,تو همانی که می‌اندیشی
41936,سفر به مرکز زمین
41948,ضمیر پنهان
41959,ذهنیت میلیونر
41973,زندگی من
41986,ده راز موفقیت و آرامش درونی
41999,12 رمز موفقیت در کار
42012,بیست هزار فرسنگ زیر دریا
42025,آدم‌های اشتباهی
42034,آلیونوشکا و برادر کوچکش ایوانوشکا
42044,اسباب خوشبختی
42057,برنامه پرواز
42069,بیماری‌های قلبی
42081,چقدر مانده به رسیدن
42092,چگونه زیبا سخن بگوییم
42113,درس‌گفتارهای حافظ‌شناسی (ترم 1)
42126,درس‌گفتارهای حافظ‌شناسی (ترم 2)
42138,درس‌گفتارهای حافظ‌شناسی (ترم 3)
42149,درس‌گفتارهای حافظ‌شناسی (ترم 4)
42160,درس‌گفتارهای حافظ‌شناسی (ترم 5)
42171,درس‌گفتارهای مقالات شمس تبریزی (ترم اول)
42182,درس‌گفتارهای مقالات شمس تبریزی (ترم دوم)
42193,درس‌گفتارهای مقالات شمس تبریزی (ترم سوم)
42210,درس‌گفتارهای شرح مثنوی معنوی (دفتر اول)
42223,درس‌گفتارهای شرح مثنوی معنوی (دفتر ششم-ترم اول)
42234,درس‌گفتارهای شرح مثنوی معنوی (دفتر ششم-ترم دوم)
42245,درس‌گفتارهای شرح مثنوی معنوی (دفتر ششم-ترم سوم)
42256,درس‌گفتارهای شرح مثنوی معنوی (دفتر ششم-ترم چهارم)
42273,داستان‌نویسی
42284,دیروز خیلی دیره
42294,دوزخ
42306,دزدی هنر است‌‌!؟
42321,اعجاز خوراکی‌ها
42341,آب درمانی
42352,ابرها
42364,آتش از پشت شیشه
42375,بیندیشید و ثروتمند شوید
42387,قوانین عشق
42411,حال و هوای عجیب در توکیو
42429,ایستگاه پایانی
42439,خاطره‌ای از دو دوشنبه
42450,منهای دو
42460,پیرمرد و دریا
42467,راهنمای بارداری برای پدران
42475,یک مرد یک شب
42484,زندانی کازابلانکا
42496,از خودت چه خبر؟!
42505,رازهای خاموشی
42513,فردا شکل امروز نیست
42526,قوانین زندگی
42536,قدرت پذیرش
42548,ثروتی که با پول نمی‌توان خرید
42561,گمشده
42572,جاده
42590,جادوی بزرگ
42602,جانی دالر
42614,کشف رهبر درون
42618,کی بود؟ کی بود؟
42636,کیف بنفش لی‌لی
42669,بیگانه‌ای بر لب رودخانه
42676,خانم خدمتکار
42693,یک اسم بی‌نظیر
42709,ومبرلی نگران
42725,جولیوس بهترین بچه‌ی دنیا
42734,پتوی دلبند اوئن
42744,روش‌های چستری
42777,شیلای شجاع
42793,مهم‌ترین روز زندگی لی‌لی
42798,چهار میثاق
42825,تعطیلات آخر هفته با وِندل
42829,چهل نامه کوتاه به همسرم
42845,پنج تا انگشت بودند که... (غذاها و بازی ها)
42884,گوگل چگونه کار می‌کند
42900,شیوه‌های رهبری برای نسل جدید: استیو جابز
42918,پنج تا انگشت بودند که... (مراسم و شغلها)
42932,نقش مادر در تربیت کودک
42945,نقش پدر در تربیت کودک
42957,نیروی بیکران تفکر مثبت
42967,افتادن برگی به نام فردی
42980,پرواز شبانه
42991,پرورده با عشق
43001,پیاله‌ای چای بنوش
43022,عاشقانه های احمدرضا احمدی
43039,عاشقانه‌های حافظ
43057,آتش و بال پروانه
43071,از اهالی امروز
43082,بر بال آرامش
43091,به لهجه سپیدار
43110,چگونه بر خود مسلط شویم
43125,دموکراسی یا دموقراضه
43151,دنیا دنیا لالایی
43169,فصل شیدایی لیلاها
43179,"روزها، ماه‌ها، سال‌ها"
43191,رؤیای آمریکایی
43203,سه‌شنبه‌ها با موری
43213,تانگوی تخم‌مرغ ‌داغ
43226,توران میرهادی
43238,ذهن شما دوست‌تان نیست!
43251,زندگی کم‌خرج
43289,غلاغه به خونش نرسید
43314,قصه‌های چهارده معصوم 1 و 2
43330,ضیافت
43356,یک روز دیگر
43388,یک عاشقانه آرام
43404,چرایی خود را پیدا کنید
43418,تغییر
43435,قصه‌های قرآن 1 و 2
43439,تاریخ قرن بیستم
43468,تاریخ قرن بیستم: بخش اول
43482,تاریخ قرن بیستم: بخش دوم
43494,تاریخ قرن بیستم: بخش سوم
43506,تاریخ قرن بیستم: بخش چهارم
43516,تاریخ قرن بیستم: بخش پنجم
43529,اصل‌گرایی
43546,قصه‌های گلستان و ملستان
43565,قصه‌های کلیله‌ و دمنه
43584,قصه‌های مرزبان‌نامه
43603,قصه‌های مثنوی مولوی
43623,قصه‌های سندبادنامه و قابوس‌نامه
43632,عادت‌های کله‌شق
43649,ببر خانم پَکِل‌تاید
43657,انقلاب خواب
43667,ارثیه
43684,عشق به سرنوشت
43690,گنج
43709,گیل‌گمش
43716,سقط جنین
43729,گورکن‌ها
43738,لاله
43765,قصه‌های شیخ عطار
43781,قورباغه را بخورید
43806,گلستان سعدی
43817,داستان بردار کردن حسنک وزیر
43834,هنر همیشه بر حق بودن
43865,هنر رزم
43874,جاناتان مرغ دریایی
43885,خواب قشنگ کجایی
43901,استامبولی
43906,ماده‌گرگ
43923,مکتوب
43928,معجزه ذهن‌آگاهی
43937,نان
43958,یدکی: شاهزاده هری
43972,قصه‌های من و مامان 1
43994,قصه‌های من و مامان 2
43995,سقوط یک دختر
44014,طنز و شوخ طبعی ملا نصرالدین
44027,پیانو
44032,نامه‌های عاشقانه یک پیامبر
44043,حالا نگاه نکن
44066,نیروی حال
44085,پیامبر و رازهای دل
44098,"پدر، عشق و پسر"
44113,سنگ روی سنگ
44127,استارت‌آپ نوپای هفت روزه
44135,نابخشوده
44149,فارغ‌التحصیل
44157,زن زیبا
44169,کارتر را بگیر
44178,بزرگراه گمشده
44195,کیمیاگر
44206,مرد مرده
44220,طرز فکر: روانشناسی نوین موفقیت
44233,سرگیجه
44243,راننده تاکسی
44257,جین ایر
44267,موبی دیک
44274,خدایان تشنه‌اند
44306,خوشه‌های خشم
44317,پرنده‌ آبی
44325,"پینگ، قورباغه‌ای در جستجوی برکه‌ای تازه"
44333,سال درخت
44340,سفرهای دور و دراز
44369,تن آرامی یا ریلکسیشن
44387,تو تویی 1
44410,تو تویی 2
44428,تو تویی 3
44438,و ما نیز آنها بودیم
44505,شیدا و صوفی
44516,تمرین چهار میثاق
44531,"ذهن بی‌انتها، جسم پردوام"
44548,آبرو
44557,جوراب ابریشمی
44590,شلارد
44600,ورگ
44611,یک شب دیگر هم بمان سیلویا
44632,خرج کمتر زندگی بهتر
44639,هنر خرید کردن
44648,خوردن غذاهای متنوع بدون دغدغه‌ی مالی
44655,آشپزی سریع و باصرفه
44663,بچه‌داری کم‌خرج
44670,خوش‌تیپ و خوش‌قیمت
44678,تفریحات اقتصادی خانواده
44686,دورهمی کم‌خرج
44693,پس‌انداز پول از مخارج خانه
44700,کاهش هزینه‌ی قبض‌ها
44707,خرید باصرفه
44714,ده روش اقتصادی برای اینکه بگویید دوستت دارم
44721,ده ایده‌ی اقتصادی برای هدیه دادن
44819,پایه‌های خشم
44840,مدیریت خشم همین امروز
44856,پیشگیری از خشم فردا
44864,برخورد با خشم از گذشته
44874,تغییر شیوه زندگی برای مدیریت خشم
44885,مدیریت خشم در رابطه‌های کلیدی
44895,ده روش برای پرورش فرزندان غیر خشمگین
44904,ده روش برای مبارزه با خشم هنگام رانندگی
44913,ده فکر رهایی‌بخش از خشم
44924,شناخت مغز
44932,افسانه‌هایی درباره‌ی مغز
44944,زمینه‌های پرورش مغز
44955,تقویت حافظه‌‌ی بلندمدت
44965,تقویت حافظه‌ی کوتاه‌مدت
44976,مغز و مهارت‌های زبانی
44984,چهره‌ها و جهت‌ها: نحوه‌ی عملکرد مغز
44997,قدرت همزمانی
45007,زندگی نزیسته‌ات را زندگی کن
45025,راهنمای رزم‌آور نور
45051,چنین گفت زرتشت
45063,ماه عسل
45074,جایی که رویاهایت تو را می‌برد
45087,حل مشکل
45102,برو ولگردی کن رفیق
45127,بدبینی
45139,امپراطوری اپ
45151,مادر وحشی
45171,افسردگی
45180,سیزده دلیل برای اینکه
45193,اعتیاد
45215,صد سال تنهایی
45237,هنر تلخ نکردن زندگی
45252,اعتماد به نفس
45261,پادکست تحلیل‌های همایونی: بخش هشت
45269,پادکست تحلیل‌های همایونی: بخش نه
45277,پادکست تحلیل‌های همایونی: بخش ده
45304,تقویت مغز و افزایش خلاقیت
45311,پرورش قالب ذهنی مثبت
45318,حاجی مراد
45325,رهبر خودآگاه
45337,حکایت‌های فلسفی برای حفظ زمین
45354,تاثیر سکوت و آرامش بر مغز
45362,اجتماعی کردن مغز
45370,تغذیه‌ی مناسب برای مغز
45381,تاثیر دارو و کافئین بر مغز
45389,تاثیر سلامتی بر مغز
45408,هم‌اکنون خود آینده‌تان باشید
45428,خلاقیت و حل مساله
45435,با این عادت‌ها ذهن خود را تقویت کنید
45444,"راه بروید، بازی کنید و مغزتان را تقویت کنید"
45465,الفبای تغییر
45509,جامعه‌شناسی
45522,یک فنجان چای
45557,خاطرات یک دختر
45570,آدم برفی
45582,آقای میم
45611,با همه چی
45622,آن سه نفر
45631,بی‌گناه
45642,خرید سیگار
45649,زبان بیگانه
45660,زندگی شاید انتقام مکرر است
45674,تقدیم به ازمه: با عشق و نکبت
45697,هنر عشق ورزیدن
45724,شازده کوچولو
45867,آوای جبران
45876,آپ استارت‌ها
45886,افسانه چندوظیفگی: انجام همه چیز یعنی در واقع هیچ چیز
45902,عادت مربیگری
45911,بنویس تا اتفاق بیفتد
45923,جادوی فکر بزرگ
45935,عادت به اکنون
45943,نخ بخیه
45959,گزینه ب: عبور از بحران‌های تلخ زندگی و بازیابی شادی
45969,حکمت بی‌قراری: پیامی برای عصر ارتباط
45979,خرد نامتعارف: مهم‌ترین ابزار سرمایه‌گذار هوشمند
46001,روانشناسی توافق: مذاکره اصولی
46020,جزیره مثنوی؛ «کلوخ انداختن تشنه بر آب» و «شخصی که در راه مردم بوته‌های خار کاشت»
46033,جزیره مثنوی؛ «آتش افتادن در شهر به ایام عمربن خطاب» و «لقمان و غلامان»
46049,جزیره مثنوی؛ «زنون در زندان» و «خواجه و محبت لقمان»
46078,جزیره مثنوی؛ «اعتماد کردن بر وفای خرس» و «نابینایی که گفت دوکوری دارم»
46086,"پایان اضطراب، شروع زندگی"
46096,"تسخیر قلب‌ها در کمتر از 90 ثانیه: هنر برقراری رابطه موثر برای مصاحبه، فروش و ارائه"
46109,نیکولا تسلا: مردی فراتر از زمان
46120,چتر نجات شما چه رنگی است؟
46131,چرا رژیم‌ها باعث چاقی ما می‌شوند: عواقب ناخواسته‌ی وسواس کاهش وزن
46141,"درست انجام دادن کار درست: مدیران اثربخش، وقت خود را چطور می‌گذرانند؟"
46153,دینامیت موفقیت
46162,حرکت کوچک تغییری بزرگ
46171,"خلق مدل کسب‌و‌کار: راهنمایی برای متفکرین آینده‌گرا، تغییردهندگان بازی و چالشگران"
46185,ذهنیت: فناوری جدید موفقیت
46193,مترجم دردها
46218,اثر نامرئی: نیروهای پنهان شکل‌دهنده رفتار
46238,"گلوله برفی: زندگی و تجارت وارن بافت، ثروتمندترین مرد دنیا"
46261,هنر کار: مسیری مطمئن برای کشف کاری که برای آن ساخته شده‌اید
46274,آرامش خود را حفظ کن
46285,هوشمند باشید: چگونه مثل موفق‌ترین و پردرآمدترین افراد فکر و عمل کنید
46294,مانیفست انگیزه: بیانیه‌ای برای بازپس‌گیری قدرت فردی
46304,میمون‌های آشوب: ثروت کثیف و شکست تصادفی در سیلیکون ولی/
46315,مقاومت‌ناپذیر: ظهور فناوری‌های اعتیادآور و وابستگی ما به گجت‌ها/
46335,"مونوپولیست‌ها: شیفتگی، خشم و رسوایی پشت پرده محبوب‌ترین بازی تخته‌ای جهان"
46344,رهبری درون‌گرا: تکیه بر قدرت خاموش
46354,"رژیم روزه: کاهش وزن، سلامتی و زندگی طولانی با روزه گرفتن متناوب"
46364,سندرم سلامتی
46375,ماده‌ببر
46384,صفر تا یک
46460,آخرالزمان‌ها
46477,"وضعیت آخر: من خوبم، تو خوبی"
46508,آینده نزدیک
46571,آن سوی رودخانه
46587,جزیره مثنوی؛ «گفتگوی حضرت رسول با گوساله‌پرست» و «تملق کردن دیوانه از جالینوس حکیم»
46595,جزیره مثنوی؛ «دوستی دو پرنده ناهمجنس» و «عیادت رفتن حضرت رسول»
46605,مسیر آرامش
46624,پری‌دریایی
46640,معبدی برای عاشقان جهان
46656,در جاده
46676,رابطه
46691,بوسه
46707,رقص سایه
46715,یادداشت‌های یک آدم مرده
46801,ناگفته‌هایم به مردی که رفت...
46809,آرزوهای بزرگ
46818,الیور توئیست
46827,خانه‌ی متروک
46835,داستان دو شهر
46846,دوریت کوچک
46892,آدرنالین
46925,دیوید کاپرفیلد
46938,مغازه‌ی عتیقه‌فروشی قدیمی
46945,روزگار سخت
46959,سرود کریسمس
46974,نیکلاس نیکلبی
47028,آغوشی که نبود (از مجموعه داستان استخر شیرجه)
47061,سکوت ذهن
47077,گذر از تنگنا
47119,راز کوچینگ در سادگی است
47152,رویابین‌ها
47186,"فروغ، شعله‌ای در فصل سرد"
47217,درباره مذاکره
47267,نه تر و نه خشک
47307,سه رنگ
47451,دزیره جلد اول
47479,گاوخونی
47527,دود
47537,توپ ترامپ مک‌دونالد
47578,کلیات سعدی اهوازی
47591,خودکار آبی
47981,آرام باش عزیز من
48038,تصرف عدوانی
48086,غلبه بر حواس‌پرتی
